{"season": "2004-2005", "league": "nba", "stadium": "America West Arena", "time": "19:00:00", "code": "200411190PHO", "type": "Season", "away": {"scores": {"3": "27", "T": "102", "4": "28", "2": "20", "1": "27"}, "totals": {"FIC": 70.875, "pace": 88.9, "TSA": 90.24, "DRB": 34.0, "ORtg": 114.7, "eFG%": 0.5432098765432098, "2PAr": 0.691358024691358, "DRtg": 120.3, "3PAr": 0.30864197530864196, "BLK%": 6.3, "FT%": 0.6666666666666666, "AST/TOV": 1.3076923076923077, "DRBr": 0.723404255319149, "3P": 14.0, "STL%": 2.2, "FG%": 0.4567901234567901, "DRB%": 69.4, "2P": 23.0, "HOB": 1.4594594594594594, "TOV%": 12.6, "USG%": 100.0, "+/-": -5.0, "FTAr": 0.25925925925925924, "PF": 22.0, "TRB": 47.0, "STL/TOV": 0.15384615384615385, "AST%": 45.9, "TRB%": 51.6, "2PA": 56.0, "ORB": 13.0, "ORB%": 31.0, "FT": 14.0, "FGA": 81.0, "ORBr": 0.2765957446808511, "FT/FGA": 0.1728395061728395, "TOV": 13.0, "BLK": 4.0, "MP": 240.0, "3P%": 0.56, "2P%": 0.4107142857142857, "3PA": 25.0, "FTr": 0.259, "FTA": 21.0, "AST": 17.0, "PTS": 102.0, "FG": 37.0, "STL": 2.0, "TS%": 0.5651595744680852}, "players": {"Caron Butler": {"FIC": 7.0, "TSA": 16.64, "DRB": 5.0, "ORtg": 115.0, "eFG%": 0.5357142857142857, "2PAr": 0.7857142857142857, "DRtg": 122.0, "3PAr": 0.21428571428571427, "BLK%": 0.0, "TS%": 0.6310096153846153, "AST/TOV": 0.0, "DRBr": 0.8333333333333334, "3P": 1.0, "STL%": 0.0, "FG%": 0.5, "DRB%": 13.2, "2P": 6.0, "HOB": 0.1891891891891892, "TOV%": 15.3, "USG%": 24.7, "+/-": 7.0, "FTAr": 0.42857142857142855, "PF": 6.0, "TRB": 6.0, "name": "Caron Butler", "PTS": 21.0, "AST%": 0.0, "college": "University of Connecticut", "TRB%": 8.6, "2PA": 11.0, "ORB": 1.0, "ORB%": 3.1, "FT": 6.0, "FGA": 14.0, "ORBr": 0.16666666666666666, "FT/FGA": 0.42857142857142855, "experience": 2, "TOV": 3.0, "height": 2.042184832967569, "BLK": 0.0, "MP": 37.0, "3P%": 0.3333333333333333, "2P%": 0.5454545454545454, "3PA": 3.0, "position": "SF", "FTr": 0.429, "FTA": 6.0, "number": "1", "AST": 0.0, "weight": "228", "birth_date": "1980-03-13", "STL/TOV": 0.0, "FG": 7.0, "STL": 0.0, "FT%": 1.0}, "Luke Walton": {"FIC": 1.5, "TSA": 1.0, "DRB": 1.0, "ORtg": 56.0, "eFG%": 0.0, "2PAr": 0.0, "DRtg": 121.0, "3PAr": 1.0, "BLK%": 5.0, "TS%": 0.0, "AST/TOV": 1.0, "DRBr": 0.5, "3P": 0.0, "STL%": 0.0, "FG%": 0.0, "DRB%": 6.5, "2P": 0.0, "HOB": 0.02702702702702703, "TOV%": 50.0, "USG%": 6.2, "+/-": -12.0, "FTAr": 0.0, "PF": 1.0, "TRB": 2.0, "name": "Luke Walton", "PTS": 0.0, "AST%": 8.6, "college": "University of Arizona", "TRB%": 7.0, "2PA": 0.0, "ORB": 1.0, "ORB%": 7.6, "FT": 0.0, "FGA": 1.0, "ORBr": 0.5, "FT/FGA": 0.0, "experience": 1, "TOV": 1.0, "height": 2.0726652036088757, "BLK": 1.0, "MP": 15.0, "3P%": 0.0, "2P%": null, "3PA": 1.0, "position": "SF", "FTr": 0.0, "FTA": 0.0, "number": "4", "AST": 1.0, "weight": "235", "birth_date": "1980-03-28", "STL/TOV": 0.0, "FG": 0.0, "STL": 0.0, "FT%": null}, "Kobe Bryant": {"FIC": 19.125, "TSA": 35.2, "DRB": 7.0, "ORtg": 106.0, "eFG%": 0.3787878787878788, "2PAr": 0.696969696969697, "DRtg": 120.0, "3PAr": 0.30303030303030304, "BLK%": 1.7, "TS%": 0.4119318181818181, "AST/TOV": 3.3333333333333335, "DRBr": 0.6363636363636364, "3P": 5.0, "STL%": 0.0, "FG%": 0.30303030303030304, "DRB%": 15.2, "2P": 5.0, "HOB": 0.5405405405405406, "TOV%": 7.9, "USG%": 39.5, "+/-": -2.0, "FTAr": 0.15151515151515152, "PF": 1.0, "TRB": 11.0, "name": "Kobe Bryant", "PTS": 29.0, "AST%": 40.5, "college": "", "TRB%": 12.9, "2PA": 23.0, "ORB": 4.0, "ORB%": 10.2, "FT": 4.0, "FGA": 33.0, "ORBr": 0.36363636363636365, "FT/FGA": 0.12121212121212122, "experience": 8, "TOV": 3.0, "height": 2.0117044623262617, "BLK": 1.0, "MP": 45.0, "3P%": 0.5, "2P%": 0.21739130434782608, "3PA": 10.0, "position": "SG", "FTr": 0.152, "FTA": 5.0, "number": "8", "AST": 10.0, "weight": "212", "birth_date": "1978-08-23", "STL/TOV": 0.0, "FG": 10.0, "STL": 0.0, "FT%": 0.8}, "Lamar Odom": {"FIC": 14.25, "TSA": 16.52, "DRB": 12.0, "ORtg": 101.0, "eFG%": 0.5769230769230769, "2PAr": 0.8461538461538461, "DRtg": 116.0, "3PAr": 0.15384615384615385, "BLK%": 0.0, "TS%": 0.5447941888619855, "AST/TOV": 0.75, "DRBr": 0.8, "3P": 1.0, "STL%": 0.0, "FG%": 0.5384615384615384, "DRB%": 28.0, "2P": 6.0, "HOB": 0.2702702702702703, "TOV%": 19.5, "USG%": 22.7, "+/-": 0.0, "FTAr": 0.6153846153846154, "PF": 4.0, "TRB": 15.0, "name": "Lamar Odom", "PTS": 18.0, "AST%": 11.8, "college": "University of Rhode Island", "TRB%": 18.8, "2PA": 11.0, "ORB": 3.0, "ORB%": 8.2, "FT": 3.0, "FGA": 13.0, "ORBr": 0.2, "FT/FGA": 0.23076923076923078, "experience": 5, "TOV": 4.0, "height": 1.8593026091197267, "BLK": 0.0, "MP": 42.0, "3P%": 0.5, "2P%": 0.5454545454545454, "3PA": 2.0, "position": "PF", "FTr": 0.615, "FTA": 8.0, "number": "7", "AST": 3.0, "weight": "220", "birth_date": "1979-11-06", "STL/TOV": 0.0, "FG": 7.0, "STL": 0.0, "FT%": 0.375}, "Tierre Brown": {"FIC": 3.0, "TSA": 4.0, "DRB": 0.0, "ORtg": 120.0, "eFG%": 0.5, "2PAr": 1.0, "DRtg": 118.0, "3PAr": 0.0, "BLK%": 0.0, "TS%": 0.5, "AST/TOV": null, "DRBr": null, "3P": 0.0, "STL%": 4.5, "FG%": 0.5, "DRB%": 0.0, "2P": 2.0, "HOB": 0.08108108108108109, "TOV%": 0.0, "USG%": 15.5, "+/-": -8.0, "FTAr": 0.0, "PF": 0.0, "TRB": 0.0, "name": "Tierre Brown", "PTS": 4.0, "AST%": 13.8, "college": "McNeese State University", "TRB%": 0.0, "2PA": 4.0, "ORB": 0.0, "ORB%": 0.0, "FT": 0.0, "FGA": 4.0, "ORBr": null, "FT/FGA": 0.0, "experience": 3, "TOV": 0.0, "height": 1.889782979761034, "BLK": 0.0, "MP": 12.0, "3P%": null, "2P%": 0.5, "3PA": 0.0, "position": "PG", "FTr": 0.0, "FTA": 0.0, "number": "5", "AST": 1.0, "weight": "189", "birth_date": "1979-06-03", "STL/TOV": null, "FG": 2.0, "STL": 1.0, "FT%": null}, "Brian Cook": {"FIC": 9.75, "TSA": 6.0, "DRB": 3.0, "ORtg": 158.0, "eFG%": 0.9166666666666666, "2PAr": 0.3333333333333333, "DRtg": 114.0, "3PAr": 0.6666666666666666, "BLK%": 3.4, "TS%": 0.9166666666666666, "AST/TOV": 1.0, "DRBr": 0.75, "3P": 3.0, "STL%": 2.5, "FG%": 0.6666666666666666, "DRB%": 13.4, "2P": 1.0, "HOB": 0.13513513513513514, "TOV%": 14.3, "USG%": 14.8, "+/-": 5.0, "FTAr": 0.0, "PF": 4.0, "TRB": 4.0, "name": "Brian Cook", "PTS": 11.0, "AST%": 7.7, "college": "University of Illinois at Urbana-Champaign", "TRB%": 9.6, "2PA": 2.0, "ORB": 1.0, "ORB%": 5.2, "FT": 0.0, "FGA": 6.0, "ORBr": 0.25, "FT/FGA": 0.0, "experience": 1, "TOV": 1.0, "height": 2.103145574250183, "BLK": 1.0, "MP": 22.0, "3P%": 0.75, "2P%": 0.5, "3PA": 4.0, "position": "C", "FTr": 0.0, "FTA": 0.0, "number": "43", "AST": 1.0, "weight": "234", "birth_date": "1980-12-04", "STL/TOV": 1.0, "FG": 4.0, "STL": 1.0, "FT%": null}, "Brian Grant": {"FIC": 7.25, "TSA": 3.88, "DRB": 3.0, "ORtg": 155.0, "eFG%": 0.6666666666666666, "2PAr": 1.0, "DRtg": 120.0, "3PAr": 0.0, "BLK%": 3.1, "TS%": 0.6443298969072165, "AST/TOV": null, "DRBr": 0.5, "3P": 0.0, "STL%": 0.0, "FG%": 0.6666666666666666, "DRB%": 12.2, "2P": 2.0, "HOB": 0.05405405405405406, "TOV%": 0.0, "USG%": 7.5, "+/-": -6.0, "FTAr": 0.6666666666666666, "PF": 2.0, "TRB": 6.0, "name": "Brian Grant", "PTS": 5.0, "AST%": 0.0, "college": "Xavier University", "TRB%": 13.2, "2PA": 3.0, "ORB": 3.0, "ORB%": 14.3, "FT": 1.0, "FGA": 3.0, "ORBr": 0.5, "FT/FGA": 0.3333333333333333, "experience": 10, "TOV": 0.0, "height": 2.103145574250183, "BLK": 1.0, "MP": 24.0, "3P%": null, "2P%": 0.6666666666666666, "3PA": 0.0, "position": "C", "FTr": 0.667, "FTA": 2.0, "number": "55", "AST": 0.0, "weight": "254", "birth_date": "1972-03-05", "STL/TOV": null, "FG": 2.0, "STL": 0.0, "FT%": 0.5}, "Kareem Rush": {"FIC": 0.0, "TSA": 0.0, "DRB": 0.0, "ORtg": null, "eFG%": null, "2PAr": null, "DRtg": 128.0, "3PAr": null, "BLK%": 0.0, "TS%": null, "AST/TOV": null, "DRBr": null, "3P": 0.0, "STL%": 0.0, "FG%": null, "DRB%": 0.0, "2P": 0.0, "HOB": 0.0, "TOV%": null, "USG%": 0.0, "+/-": -8.0, "FTAr": null, "PF": 0.0, "TRB": 0.0, "name": "Kareem Rush", "PTS": 0.0, "AST%": 0.0, "college": "University of Missouri", "TRB%": 0.0, "2PA": 0.0, "ORB": 0.0, "ORB%": 0.0, "FT": 0.0, "FGA": 0.0, "ORBr": null, "FT/FGA": null, "experience": 2, "TOV": 0.0,