{"season": "2004-2005", "league": "nba", "stadium": "American Airlines Center", "time": "19:30:00", "code": "200411020DAL", "type": "Season", "away": {"scores": {"3": "26", "T": "98", "4": "32", "2": "17", "1": "23"}, "totals": {"FIC": 69.75, "pace": 91.4, "TSA": 100.2, "DRB": 25.0, "ORtg": 107.3, "eFG%": 0.43103448275862066, "2PAr": 0.8045977011494253, "DRtg": 117.1, "3PAr": 0.19540229885057472, "BLK%": 9.2, "FT%": 0.7666666666666667, "AST/TOV": 1.4, "DRBr": 0.5813953488372093, "3P": 3.0, "STL%": 9.9, "FG%": 0.41379310344827586, "DRB%": 65.8, "2P": 33.0, "HOB": 1.5833333333333333, "TOV%": 13.0, "USG%": 100.0, "+/-": -9.0, "FTAr": 0.3448275862068966, "PF": 19.0, "TRB": 43.0, "STL/TOV": 0.6, "AST%": 58.3, "TRB%": 50.0, "2PA": 70.0, "ORB": 18.0, "ORB%": 37.5, "FT": 23.0, "FGA": 87.0, "ORBr": 0.4186046511627907, "FT/FGA": 0.26436781609195403, "TOV": 15.0, "BLK": 6.0, "MP": 240.0, "3P%": 0.17647058823529413, "2P%": 0.4714285714285714, "3PA": 17.0, "FTr": 0.345, "FTA": 30.0, "AST": 21.0, "PTS": 98.0, "FG": 36.0, "STL": 9.0, "TS%": 0.48902195608782434}, "players": {"Brad Miller": {"FIC": 18.5, "TSA": 17.52, "DRB": 2.0, "ORtg": 147.0, "eFG%": 0.5714285714285714, "2PAr": 1.0, "DRtg": 114.0, "3PAr": 0.0, "BLK%": 3.9, "TS%": 0.684931506849315, "AST/TOV": 1.0, "DRBr": 0.3333333333333333, "3P": 0.0, "STL%": 4.1, "FG%": 0.5714285714285714, "DRB%": 6.6, "2P": 8.0, "HOB": 0.25, "TOV%": 5.4, "USG%": 20.3, "+/-": -4.0, "FTAr": 0.5714285714285714, "PF": 5.0, "TRB": 6.0, "name": "Brad Miller", "PTS": 24.0, "AST%": 4.9, "college": "Purdue University", "TRB%": 8.8, "2PA": 14.0, "ORB": 4.0, "ORB%": 10.5, "FT": 8.0, "FGA": 14.0, "ORBr": 0.6666666666666666, "FT/FGA": 0.5714285714285714, "experience": 6, "TOV": 1.0, "height": 1.8623506461838577, "BLK": 2.0, "MP": 38.0, "3P%": null, "2P%": 0.5714285714285714, "3PA": 0.0, "position": "C", "FTr": 0.571, "FTA": 8.0, "number": "52", "AST": 1.0, "weight": "244", "birth_date": "1976-04-12", "STL/TOV": 3.0, "FG": 8.0, "STL": 3.0, "FT%": 1.0}, "Peja Stojakovic": {"FIC": 5.25, "TSA": 17.64, "DRB": 3.0, "ORtg": 81.0, "eFG%": 0.2, "2PAr": 0.5333333333333333, "DRtg": 117.0, "3PAr": 0.4666666666666667, "BLK%": 1.9, "TS%": 0.3401360544217687, "AST/TOV": 1.0, "DRBr": 0.6, "3P": 0.0, "STL%": 2.7, "FG%": 0.2, "DRB%": 9.7, "2P": 3.0, "HOB": 0.16666666666666666, "TOV%": 14.5, "USG%": 22.1, "+/-": -2.0, "FTAr": 0.4, "PF": 1.0, "TRB": 5.0, "name": "Peja Stojakovic", "PTS": 12.0, "AST%": 11.4, "college": "", "TRB%": 7.2, "2PA": 8.0, "ORB": 2.0, "ORB%": 5.1, "FT": 6.0, "FGA": 15.0, "ORBr": 0.4, "FT/FGA": 0.4, "experience": 6, "TOV": 3.0, "height": 2.103145574250183, "BLK": 1.0, "MP": 39.0, "3P%": 0.0, "2P%": 0.375, "3PA": 7.0, "position": "SF", "FTr": 0.4, "FTA": 6.0, "number": "16", "AST": 3.0, "weight": "220", "birth_date": "1977-06-09", "STL/TOV": 0.6666666666666666, "FG": 3.0, "STL": 2.0, "FT%": 1.0}, "Maurice Evans": {"FIC": 1.75, "TSA": 4.0, "DRB": 1.0, "ORtg": 70.0, "eFG%": 0.25, "2PAr": 0.75, "DRtg": 123.0, "3PAr": 0.25, "BLK%": 3.5, "TS%": 0.25, "AST/TOV": 2.0, "DRBr": 0.5, "3P": 0.0, "STL%": 0.0, "FG%": 0.25, "DRB%": 6.0, "2P": 1.0, "HOB": 0.08333333333333333, "TOV%": 20.0, "USG%": 9.9, "+/-": -5.0, "FTAr": 0.0, "PF": 2.0, "TRB": 2.0, "name": "Maurice Evans", "PTS": 2.0, "AST%": 13.6, "college": "University of Texas at Austin", "TRB%": 5.3, "2PA": 3.0, "ORB": 1.0, "ORB%": 4.8, "FT": 0.0, "FGA": 4.0, "ORBr": 0.5, "FT/FGA": 0.0, "experience": 1, "TOV": 1.0, "height": 1.9812240916849548, "BLK": 1.0, "MP": 21.0, "3P%": 0.0, "2P%": 0.3333333333333333, "3PA": 1.0, "position": "SG", "FTr": 0.0, "FTA": 0.0, "number": "5", "AST": 2.0, "weight": "220", "birth_date": "1978-11-08", "STL/TOV": 0.0, "FG": 1.0, "STL": 0.0, "FT%": null}, "Mike Bibby": {"FIC": 8.5, "TSA": 9.76, "DRB": 4.0, "ORtg": 89.0, "eFG%": 0.3125, "2PAr": 0.75, "DRtg": 116.0, "3PAr": 0.25, "BLK%": 2.6, "TS%": 0.4098360655737705, "AST/TOV": 2.0, "DRBr": 0.8, "3P": 1.0, "STL%": 1.9, "FG%": 0.25, "DRB%": 18.0, "2P": 1.0, "HOB": 0.2222222222222222, "TOV%": 23.5, "USG%": 19.0, "+/-": -12.0, "FTAr": 0.5, "PF": 2.0, "TRB": 5.0, "name": "Mike Bibby", "PTS": 8.0, "AST%": 31.6, "college": "University of Arizona", "TRB%": 10.0, "2PA": 6.0, "ORB": 1.0, "ORB%": 3.6, "FT": 3.0, "FGA": 8.0, "ORBr": 0.2, "FT/FGA": 0.375, "experience": 6, "TOV": 3.0, "height": 1.8593026091197267, "BLK": 1.0, "MP": 28.0, "3P%": 0.5, "2P%": 0.16666666666666666, "3PA": 2.0, "position": "PG", "FTr": 0.5, "FTA": 4.0, "number": "10", "AST": 6.0, "weight": "190", "birth_date": "1978-05-13", "STL/TOV": 0.3333333333333333, "FG": 2.0, "STL": 1.0, "FT%": 0.75}, "Bobby Jackson": {"FIC": 7.125, "TSA": 13.32, "DRB": 1.0, "ORtg": 105.0, "eFG%": 0.3333333333333333, "2PAr": 0.6666666666666666, "DRtg": 114.0, "3PAr": 0.3333333333333333, "BLK%": 0.0, "TS%": 0.4129129129129129, "AST/TOV": 3.0, "DRBr": 0.25, "3P": 0.0, "STL%": 5.3, "FG%": 0.3333333333333333, "DRB%": 6.3, "2P": 4.0, "HOB": 0.19444444444444445, "TOV%": 7.0, "USG%": 29.8, "+/-": 3.0, "FTAr": 0.25, "PF": 3.0, "TRB": 4.0, "name": "Bobby Jackson", "PTS": 11.0, "AST%": 27.3, "college": "University of Minnesota", "TRB%": 11.2, "2PA": 8.0, "ORB": 3.0, "ORB%": 15.0, "FT": 3.0, "FGA": 12.0, "ORBr": 0.75, "FT/FGA": 0.25, "experience": 7, "TOV": 1.0, "height": 1.8593026091197267, "BLK": 0.0, "MP": 20.0, "3P%": 0.0, "2P%": 0.5, "3PA": 4.0, "position": "SG", "FTr": 0.25, "FTA": 3.0, "number": "24", "AST": 3.0, "weight": "185", "birth_date": "1973-03-13", "STL/TOV": 2.0, "FG": 4.0, "STL": 2.0, "FT%": 1.0}, "Darius Songaila": {"FIC": 0.75, "TSA": 4.0, "DRB": 1.0, "ORtg": 74.0, "eFG%": 0.25, "2PAr": 1.0, "DRtg": 125.0, "3PAr": 0.0, "BLK%": 0.0, "TS%": 0.25, "AST/TOV": null, "DRBr": 1.0, "3P": 0.0, "STL%": 0.0, "FG%": 0.25, "DRB%": 9.7, "2P": 1.0, "HOB": 0.05555555555555555, "TOV%": 0.0, "USG%": 12.8, "+/-": -4.0, "FTAr": 0.0, "PF": 0.0, "TRB": 1.0, "name": "Darius Songaila", "PTS": 2.0, "AST%": 11.4, "college": "Wake Forest University", "TRB%": 4.3, "2PA": 4.0, "ORB": 0.0, "ORB%": 0.0, "FT": 0.0, "FGA": 4.0, "ORBr": 0.0, "FT/FGA": 0.0, "experience": 1, "TOV": 0.0, "height": 2.103145574250183, "BLK": 0.0, "MP": 13.0, "3P%": null, "2P%": 0.25, "3PA": 0.0, "position": "PF", "FTr": 0.0, "FTA": 0.0, "number": "25", "AST": 1.0, "weight": "248", "birth_date": "1978-02-14", "STL/TOV": null, "FG": 1.0, "STL": 0.0, "FT%": null}, "Greg Ostertag": {"FIC": -0.5, "TSA": 1.0, "DRB": 1.0, "ORtg": 0.0, "eFG%": 0.0, "2PAr": 1.0, "DRtg": 124.0, "3PAr": 0.0, "BLK%": 0.0, "TS%": 0.0, "AST/TOV": null, "DRBr": 1.0, "3P": 0.0, "STL%": 0.0, "FG%": 0.0, "DRB%": 12.6, "2P": 0.0, "HOB": 0.0, "TOV%": 0.0, "USG%": 4.2, "+/-": -5.0, "FTAr": 0.0, "PF": 1.0, "TRB": 1.0, "name": "Greg Ostertag", "PTS": 0.0, "AST%": 0.0, "college": "University of Kansas", "TRB%": 5.6, "2PA": 1.0, "ORB": 0.0, "ORB%": 0.0, "FT": 0.0, "FGA": 1.0, "ORBr": 0.0, "FT/FGA": 0.0, "experience": 9, "TOV": 0.0, "height": 2.194586686174104, "BLK": 0.0, "MP": 10.0, "3P%": null, "2P%": 0.0, "3PA": 0.0, "position": "C", "FTr": 0.0, "FTA": 0.0, "number": "00", "AST": 0.0, "weight": "280", "birth_date": "1973-03-06", "STL/TOV": null, "FG": 0.0, "STL": 0.0, "FT%": null}, "Matt Barnes": {"FIC": 18.75, "TSA": 11.88, "DRB": 5.0, "ORtg": 134.0, "eFG%": 0.7272727272727273, "2PAr": 0.7272727272727273, "DRtg": 115.0, "3PAr": 0.2727272727272727, "BLK%": 2.5, "TS%": 0.7154882154882154, "AST/TOV": 2.0, "DRBr": 0.5555555555555556, "3P": 2.0, "STL%": 1.8, "FG%": 0.6363636363636364, "DRB%": 21.1, "2P": 5.0, "HOB": 0.3055555555555556, "TOV%": 14.4, "USG%": 19.3, "+/-": -6.0, "FTAr": 0.18181818181818182, "PF": 2.0, "TRB": 9.0, "name": "Matt Barnes", "PTS": 17.0, "AST%": 25.8, "college": "University of California, Los Angeles", "TRB%": 16.7, "2PA": 8.0, "ORB": 4.0, "ORB%": 13.3, "FT": 1.0, "FGA": 11.0, "ORBr": 0.4444444444444444, "FT/FGA": 0.09090909090909091, "experience": 1, "TOV": 2.0, "height": 2.042184832967569, "BLK": 1.0, "MP": 30.0, "3P%": 0.6666666666666666, "2P%": 0.625, "3PA": 3.0, "position": "SF", "FTr": 0.182, "FTA": 2.0, "number": "9", "AST": 4.0,