{"season": "2004-2005", "league": "nba", "stadium": "Fedex Forum", "time": "19:00:00", "code": "200411270MEM", "type": "Season", "away": {"scores": {"3": "23", "T": "98", "4": "24", "2": "24", "1": "27"}, "totals": {"FIC": 65.25, "pace": 88.6, "TSA": 95.2, "DRB": 36.0, "ORtg": 110.6, "eFG%": 0.43902439024390244, "2PAr": 0.8414634146341463, "DRtg": 96.0, "3PAr": 0.15853658536585366, "BLK%": 5.2, "FT%": 0.8666666666666667, "AST/TOV": 1.0909090909090908, "DRBr": 0.75, "3P": 2.0, "STL%": 9.0, "FG%": 0.4268292682926829, "DRB%": 73.5, "2P": 33.0, "HOB": 1.3428571428571427, "TOV%": 10.4, "USG%": 100.0, "+/-": 13.0, "FTAr": 0.36585365853658536, "PF": 22.0, "TRB": 48.0, "STL/TOV": 0.7272727272727273, "AST%": 34.3, "TRB%": 54.5, "2PA": 69.0, "ORB": 12.0, "ORB%": 30.8, "FT": 26.0, "FGA": 82.0, "ORBr": 0.25, "FT/FGA": 0.3170731707317073, "TOV": 11.0, "BLK": 3.0, "MP": 240.0, "3P%": 0.15384615384615385, "2P%": 0.4782608695652174, "3PA": 13.0, "FTr": 0.366, "FTA": 30.0, "AST": 12.0, "PTS": 98.0, "FG": 35.0, "STL": 8.0, "TS%": 0.5147058823529411}, "players": {"Devin Harris": {"FIC": -2.0, "TSA": 4.0, "DRB": 0.0, "ORtg": 28.0, "eFG%": 0.0, "2PAr": 0.75, "DRtg": 108.0, "3PAr": 0.25, "BLK%": 0.0, "TS%": 0.0, "AST/TOV": null, "DRBr": null, "3P": 0.0, "STL%": 0.0, "FG%": 0.0, "DRB%": 0.0, "2P": 0.0, "HOB": 0.05714285714285714, "TOV%": 0.0, "USG%": 10.6, "+/-": -10.0, "FTAr": 0.0, "PF": 2.0, "TRB": 0.0, "name": "Devin Harris", "PTS": 0.0, "AST%": 16.1, "college": "University of Wisconsin", "TRB%": 0.0, "2PA": 3.0, "ORB": 0.0, "ORB%": 0.0, "FT": 0.0, "FGA": 4.0, "ORBr": null, "FT/FGA": 0.0, "experience": 0, "TOV": 0.0, "height": 1.9202633504023408, "BLK": 0.0, "MP": 17.0, "3P%": 0.0, "2P%": 0.0, "3PA": 1.0, "position": "PG", "FTr": 0.0, "FTA": 0.0, "number": "34", "AST": 2.0, "weight": "192", "birth_date": "1983-02-27", "STL/TOV": null, "FG": 0.0, "STL": 0.0, "FT%": null}, "Jason Terry": {"FIC": 7.625, "TSA": 11.32, "DRB": 5.0, "ORtg": 101.0, "eFG%": 0.4, "2PAr": 0.7, "DRtg": 101.0, "3PAr": 0.3, "BLK%": 0.0, "TS%": 0.4416961130742049, "AST/TOV": 4.0, "DRBr": 1.0, "3P": 0.0, "STL%": 0.0, "FG%": 0.4, "DRB%": 15.3, "2P": 4.0, "HOB": 0.22857142857142856, "TOV%": 8.1, "USG%": 17.4, "+/-": 23.0, "FTAr": 0.3, "PF": 1.0, "TRB": 5.0, "name": "Jason Terry", "PTS": 10.0, "AST%": 20.7, "college": "University of Arizona", "TRB%": 8.5, "2PA": 7.0, "ORB": 0.0, "ORB%": 0.0, "FT": 2.0, "FGA": 10.0, "ORBr": 0.0, "FT/FGA": 0.2, "experience": 5, "TOV": 1.0, "height": 1.889782979761034, "BLK": 0.0, "MP": 32.0, "3P%": 0.0, "2P%": 0.5714285714285714, "3PA": 3.0, "position": "PG", "FTr": 0.3, "FTA": 3.0, "number": "31", "AST": 4.0, "weight": "185", "birth_date": "1977-09-15", "STL/TOV": 0.0, "FG": 4.0, "STL": 0.0, "FT%": 0.6666666666666666}, "Alan Henderson": {"FIC": 3.25, "TSA": 1.0, "DRB": 2.0, "ORtg": 69.0, "eFG%": 1.0, "2PAr": 1.0, "DRtg": 80.0, "3PAr": 0.0, "BLK%": 0.0, "TS%": 1.0, "AST/TOV": 0.0, "DRBr": 0.6666666666666666, "3P": 0.0, "STL%": 9.0, "FG%": 1.0, "DRB%": 16.3, "2P": 1.0, "HOB": 0.02857142857142857, "TOV%": 66.7, "USG%": 11.3, "+/-": 4.0, "FTAr": 0.0, "PF": 1.0, "TRB": 3.0, "name": "Alan Henderson", "PTS": 2.0, "AST%": 0.0, "college": "Indiana University", "TRB%": 13.6, "2PA": 1.0, "ORB": 1.0, "ORB%": 10.3, "FT": 0.0, "FGA": 1.0, "ORBr": 0.3333333333333333, "FT/FGA": 0.0, "experience": 9, "TOV": 2.0, "height": 2.103145574250183, "BLK": 0.0, "MP": 12.0, "3P%": null, "2P%": 1.0, "3PA": 0.0, "position": "PF", "FTr": 0.0, "FTA": 0.0, "number": "50", "AST": 0.0, "weight": "235", "birth_date": "1972-12-02", "STL/TOV": 1.0, "FG": 1.0, "STL": 2.0, "FT%": null}, "Shawn Bradley": {"FIC": -0.75, "TSA": 1.0, "DRB": 0.0, "ORtg": 0.0, "eFG%": 0.0, "2PAr": 1.0, "DRtg": 108.0, "3PAr": 0.0, "BLK%": 0.0, "TS%": 0.0, "AST/TOV": null, "DRBr": null, "3P": 0.0, "STL%": 0.0, "FG%": 0.0, "DRB%": 0.0, "2P": 0.0, "HOB": 0.0, "TOV%": 0.0, "USG%": 15.1, "+/-": -5.0, "FTAr": 0.0, "PF": 0.0, "TRB": 0.0, "name": "Shawn Bradley", "PTS": 0.0, "AST%": 0.0, "college": "Brigham Young University", "TRB%": 0.0, "2PA": 1.0, "ORB": 0.0, "ORB%": 0.0, "FT": 0.0, "FGA": 1.0, "ORBr": null, "FT/FGA": 0.0, "experience": 11, "TOV": 0.0, "height": 2.3165081687393316, "BLK": 0.0, "MP": 3.0, "3P%": null, "2P%": 0.0, "3PA": 0.0, "position": "C", "FTr": 0.0, "FTA": 0.0, "number": "44", "AST": 0.0, "weight": "235", "birth_date": "1972-03-22", "STL/TOV": null, "FG": 0.0, "STL": 0.0, "FT%": null}, "Josh Howard": {"FIC": 7.75, "TSA": 13.0, "DRB": 6.0, "ORtg": 111.0, "eFG%": 0.46153846153846156, "2PAr": 0.6923076923076923, "DRtg": 99.0, "3PAr": 0.3076923076923077, "BLK%": 0.0, "TS%": 0.46153846153846156, "AST/TOV": null, "DRBr": 0.8571428571428571, "3P": 2.0, "STL%": 1.3, "FG%": 0.38461538461538464, "DRB%": 14.0, "2P": 3.0, "HOB": 0.17142857142857143, "TOV%": 0.0, "USG%": 14.0, "+/-": 16.0, "FTAr": 0.0, "PF": 4.0, "TRB": 7.0, "name": "Josh Howard", "PTS": 12.0, "AST%": 3.9, "college": "Wake Forest University", "TRB%": 9.1, "2PA": 9.0, "ORB": 1.0, "ORB%": 2.9, "FT": 0.0, "FGA": 13.0, "ORBr": 0.14285714285714285, "FT/FGA": 0.0, "experience": 1, "TOV": 0.0, "height": 2.042184832967569, "BLK": 0.0, "MP": 42.0, "3P%": 0.5, "2P%": 0.3333333333333333, "3PA": 4.0, "position": "SF", "FTr": 0.0, "FTA": 0.0, "number": "5", "AST": 1.0, "weight": "210", "birth_date": "1980-04-28", "STL/TOV": null, "FG": 5.0, "STL": 1.0, "FT%": null}, "Dirk Nowitzki": {"FIC": 23.625, "TSA": 32.72, "DRB": 15.0, "ORtg": 111.0, "eFG%": 0.37037037037037035, "2PAr": 0.8518518518518519, "DRtg": 81.0, "3PAr": 0.14814814814814814, "BLK%": 2.1, "TS%": 0.48899755501222497, "AST/TOV": 1.0, "DRBr": 0.8333333333333334, "3P": 0.0, "STL%": 4.1, "FG%": 0.37037037037037035, "DRB%": 36.7, "2P": 10.0, "HOB": 0.34285714285714286, "TOV%": 5.8, "USG%": 39.2, "+/-": 7.0, "FTAr": 0.48148148148148145, "PF": 3.0, "TRB": 18.0, "name": "Dirk Nowitzki", "PTS": 32.0, "AST%": 10.4, "college": "", "TRB%": 24.5, "2PA": 23.0, "ORB": 3.0, "ORB%": 9.2, "FT": 12.0, "FGA": 27.0, "ORBr": 0.16666666666666666, "FT/FGA": 0.4444444444444444, "experience": 6, "TOV": 2.0, "height": 2.13362594489149, "BLK": 1.0, "MP": 40.0, "3P%": 0.0, "2P%": 0.43478260869565216, "3PA": 4.0, "position": "PF", "FTr": 0.481, "FTA": 13.0, "number": "41", "AST": 2.0, "weight": "245", "birth_date": "1978-06-19", "STL/TOV": 1.5, "FG": 10.0, "STL": 3.0, "FT%": 0.9230769230769231}, "Jerry Stackhouse": {"FIC": 6.5, "TSA": 17.52, "DRB": 4.0, "ORtg": 96.0, "eFG%": 0.5, "2PAr": 0.9285714285714286, "DRtg": 97.0, "3PAr": 0.07142857142857142, "BLK%": 2.6, "TS%": 0.5707762557077626, "AST/TOV": 0.2, "DRBr": 0.8, "3P": 0.0, "STL%": 1.7, "FG%": 0.5, "DRB%": 12.2, "2P": 7.0, "HOB": 0.22857142857142856, "TOV%": 22.2, "USG%": 31.8, "+/-": 16.0, "FTAr": 0.5714285714285714, "PF": 4.0, "TRB": 5.0, "name": "Jerry Stackhouse", "PTS": 20.0, "AST%": 6.1, "college": "University of North Carolina", "TRB%": 8.5, "2PA": 13.0, "ORB": 1.0, "ORB%": 3.8, "FT": 6.0, "FGA": 14.0, "ORBr": 0.2, "FT/FGA": 0.42857142857142855, "experience": 9, "TOV": 5.0, "height": 2.0117044623262617, "BLK": 1.0, "MP": 32.0, "3P%": 0.0, "2P%": 0.5384615384615384, "3PA": 1.0, "position": "SG", "FTr": 0.571, "FTA": 8.0, "number": "42", "AST": 1.0, "weight": "218", "birth_date": "1974-11-05", "STL/TOV": 0.2, "FG": 7.0, "STL": 1.0, "FT%": 0.75}, "Erick Dampier": {"FIC": 12.0, "TSA": 10.88, "DRB": 3.0, "ORtg": 149.0, "eFG%": 0.7, "2PAr": 1.0, "DRtg": 102.0, "3PAr": 0.0, "BLK%": 2.5, "TS%": 0.7352941176470588, "AST/TOV": 0.0, "DRBr": 0.375, "3P": 0.0, "STL%": 0.0, "FG%": 0.7, "DRB%": 8.9, "2P": 7.0, "HOB": 0.2, "TOV%": 8.4, "USG%": 16.3, "+/-": 19.0, "FTAr": 0.2, "PF": 6.0, "TRB": 8.0, "name": "Erick Dampier", "PTS": 16.0, "AST%": 0.0, "college": "Mississippi State University", "TRB%": 13.2, "2PA": 10.0, "ORB": 5.0, "ORB%": 18.6, "FT": 2.0, "FGA": 10.0, "ORBr": 0.625, "FT/FGA": 0.2, "experience": 8, "TOV": 1.0, "height": 1.8623506461838577, "BLK": 1.0, "MP": 33.0, "3P%": null, "2P%": 0.7, "3PA": 0.0, "position": "C", "FTr": 0.2, "FTA": 2.0, "number": "25", "AST": 0.0, "weight": "265",